<?xml version="1.0" encoding="UTF-8"?>
<project-private xmlns="http://www.netbeans.org/ns/project-private/1">
    <editor-bookmarks xmlns="http://www.netbeans.org/ns/editor-bookmarks/2" lastBookmarkId="0"/>
    <open-files xmlns="http://www.netbeans.org/ns/projectui-open-files/2">
        <group>
            <file>file:/C:/Users/Angela/OneDrive/Documents/NetBeansProjects/CarDealers/src/CarDealerSystem/EmpAbout.java</file>
            <file>file:/C:/Users/Angela/OneDrive/Documents/NetBeansProjects/CarDealers/src/CarDealerSystem/EmpOver.java</file>
            <file>file:/C:/Users/Angela/OneDrive/Documents/NetBeansProjects/CarDealers/src/CarDealerSystem/AdminProducts.java</file>
            <file>file:/C:/Users/Angela/OneDrive/Documents/NetBeansProjects/CarDealers/src/CarDealerSystem/EmployeePortal.java</file>
            <file>file:/C:/Users/Angela/OneDrive/Documents/NetBeansProjects/CarDealers/src/CarDealerSystem/EmpOverview.java</file>
            <file>file:/C:/Users/Angela/OneDrive/Documents/NetBeansProjects/CarDealers/src/CarDealerSystem/AdminInventory.java</file>
            <file>file:/C:/Users/Angela/OneDrive/Documents/NetBeansProjects/CarDealers/src/CarDealerSystem/EmpInventory.java</file>
            <file>file:/C:/Users/Angela/OneDrive/Documents/NetBeansProjects/CarDealers/src/CarDealerSystem/AdminAccounting.java</file>
            <file>file:/C:/Users/Angela/OneDrive/Documents/NetBeansProjects/CarDealers/src/CarDealerSystem/EmpCustomers.java</file>
            <file>file:/C:/Users/Angela/OneDrive/Documents/NetBeansProjects/CarDealers/src/CarDealerSystem/AdminOver.java</file>
            <file>file:/C:/Users/Angela/OneDrive/Documents/NetBeansProjects/CarDealers/src/CarDealerSystem/EmpProducts.java</file>
            <file>file:/C:/Users/Angela/OneDrive/Documents/NetBeansProjects/CarDealers/src/CarDealerSystem/AdminPosition.java</file>
            <file>file:/C:/Users/Angela/OneDrive/Documents/NetBeansProjects/CarDealers/src/CarDealerSystem/AdminOverview.java</file>
            <file>file:/C:/Users/Angela/OneDrive/Documents/NetBeansProjects/CarDealers/src/CarDealerSystem/EmpCollaborative.java</file>
            <file>file:/C:/Users/Angela/OneDrive/Documents/NetBeansProjects/CarDealers/src/CarDealerSystem/EmpList.java</file>
            <file>file:/C:/Users/Angela/OneDrive/Documents/NetBeansProjects/CarDealers/src/CarDealerSystem/AdminCollaborative.java</file>
            <file>file:/C:/Users/Angela/OneDrive/Documents/NetBeansProjects/CarDealers/src/CarDealerSystem/AdminCustomers.java</file>
            <file>file:/C:/Users/Angela/OneDrive/Documents/NetBeansProjects/CarDealers/src/CarDealerSystem/EmpAccounting.java</file>
            <file>file:/C:/Users/Angela/OneDrive/Documents/NetBeansProjects/CarDealers/src/CarDealerSystem/AdminSupplier.java</file>
            <file>file:/C:/Users/Angela/OneDrive/Documents/NetBeansProjects/CarDealers/src/CarDealerSystem/EmpTimesheet.java</file>
            <file>file:/C:/Users/Angela/OneDrive/Documents/NetBeansProjects/CarDealers/src/CarDealerSystem/OwnerExpense.java</file>
            <file>file:/C:/Users/Angela/OneDrive/Documents/NetBeansProjects/CarDealers/src/CarDealerSystem/AdminPortal.java</file>
            <file>file:/C:/Users/Angela/OneDrive/Documents/NetBeansProjects/CarDealers/src/CarDealerSystem/EmpStocksProducts.java</file>
            <file>file:/C:/Users/Angela/OneDrive/Documents/NetBeansProjects/CarDealers/src/CarDealerSystem/OwnerIncome.java</file>
        </group>
    </open-files>
</project-private>
